text,label
Urgent your bank account will be blocked verify your password now,1
Congratulations you won a prize claim your reward,1
Share the OTP to receive your refund,1
Your card is suspended click here to restore access,1
Pay a fee to release your parcel immediately,1
Send your CVV and PIN to complete the refund,1
Verify your bank login because unusual activity was detected,1
Claim your free voucher by opening this link,1
Your crypto wallet needs urgent verification,1
Payment failed update your card now,1
Can we meet at the library at four,0
The college seminar starts at ten in room 204,0
Please call me when you reach home,0
Thanks for sharing the notes,0
The project meeting has moved to three pm,0
Your appointment is confirmed for Monday,0
Please send the presentation before class,0
The lab is open from nine to five,0
I uploaded the assignment to the drive,0
Meet me near the main gate at five,0
